{"1":{"Sexo":[{"quantity":28,"value":"0","probability":0.7368421052631579},{"quantity":10,"value":"1","probability":0.2631578947368421}],"probability":0.4935064935064935,"Promedio":{"8.17":{"quantity":1,"value":"8.17","probability":0.02631578947368421},"6.33":{"quantity":1,"value":"6.33","probability":0.02631578947368421},"7.07":{"quantity":1,"value":"7.07","probability":0.02631578947368421},"7.53":{"quantity":1,"value":"7.53","probability":0.02631578947368421},"7":{"quantity":4,"value":"7","probability":0.10526315789473684},"8":{"quantity":1,"value":"8","probability":0.02631578947368421},"7.9":{"quantity":1,"value":"7.9","probability":0.02631578947368421},"7.4":{"quantity":1,"value":"7.4","probability":0.02631578947368421},"7.41":{"quantity":1,"value":"7.41","probability":0.02631578947368421},"7.2":{"quantity":1,"value":"7.2","probability":0.02631578947368421},"7.82":{"quantity":1,"value":"7.82","probability":0.02631578947368421},"7.25":{"quantity":1,"value":"7.25","probability":0.02631578947368421},"8.06":{"quantity":2,"value":"8.06","probability":0.05263157894736842},"6.14":{"quantity":1,"value":"6.14","probability":0.02631578947368421},"7.72":{"quantity":2,"value":"7.72","probability":0.05263157894736842},"7.68":{"quantity":1,"value":"7.68","probability":0.02631578947368421},"7.5":{"quantity":2,"value":"7.5","probability":0.05263157894736842},"7.86":{"quantity":1,"value":"7.86","probability":0.02631578947368421},"8.5":{"quantity":2,"value":"8.5","probability":0.05263157894736842},"7.63":{"quantity":1,"value":"7.63","probability":0.02631578947368421},"7.32":{"quantity":1,"value":"7.32","probability":0.02631578947368421},"7.39":{"quantity":1,"value":"7.39","probability":0.02631578947368421},"7.78":{"quantity":1,"value":"7.78","probability":0.02631578947368421},"7.62":{"quantity":1,"value":"7.62","probability":0.02631578947368421},"7.34":{"quantity":1,"value":"7.34","probability":0.02631578947368421},"7.33":{"quantity":1,"value":"7.33","probability":0.02631578947368421},"8.29":{"quantity":1,"value":"8.29","probability":0.02631578947368421},"8.79":{"quantity":1,"value":"8.79","probability":0.02631578947368421},"7.43":{"quantity":1,"value":"7.43","probability":0.02631578947368421},"8.43":{"quantity":1,"value":"8.43","probability":0.02631578947368421},"9":{"quantity":1,"value":"9","probability":0.02631578947368421}},"Estilo":{"0":{"quantity":7,"value":"0","probability":0.18421052631578946},"1":{"quantity":10,"value":"1","probability":0.2631578947368421},"3":{"quantity":11,"value":"3","probability":0.2894736842105263},"2":{"quantity":10,"value":"2","probability":0.2631578947368421}}},"0":{"Sexo":[{"quantity":36,"value":"0","probability":0.9230769230769231},{"quantity":3,"value":"1","probability":0.07692307692307693}],"probability":0.5064935064935064,"Promedio":{"6.6":{"quantity":1,"value":"6.6","probability":0.02564102564102564},"7.77":{"quantity":1,"value":"7.77","probability":0.02564102564102564},"7.87":{"quantity":1,"value":"7.87","probability":0.02564102564102564},"7.5":{"quantity":1,"value":"7.5","probability":0.02564102564102564},"8.5":{"quantity":1,"value":"8.5","probability":0.02564102564102564},"7.54":{"quantity":1,"value":"7.54","probability":0.02564102564102564},"8.41":{"quantity":1,"value":"8.41","probability":0.02564102564102564},"8.11":{"quantity":1,"value":"8.11","probability":0.02564102564102564},"7.75":{"quantity":2,"value":"7.75","probability":0.05128205128205128},"7.09":{"quantity":1,"value":"7.09","probability":0.02564102564102564},"7.94":{"quantity":1,"value":"7.94","probability":0.02564102564102564},"6.62":{"quantity":1,"value":"6.62","probability":0.02564102564102564},"8.13":{"quantity":1,"value":"8.13","probability":0.02564102564102564},"6.88":{"quantity":1,"value":"6.88","probability":0.02564102564102564},"7.83":{"quantity":1,"value":"7.83","probability":0.02564102564102564},"7.13":{"quantity":1,"value":"7.13","probability":0.02564102564102564},"8.63":{"quantity":1,"value":"8.63","probability":0.02564102564102564},"7.25":{"quantity":1,"value":"7.25","probability":0.02564102564102564},"7.72":{"quantity":1,"value":"7.72","probability":0.02564102564102564},"8":{"quantity":3,"value":"8","probability":0.07692307692307693},"8.83":{"quantity":2,"value":"8.83","probability":0.05128205128205128},"8.06":{"quantity":1,"value":"8.06","probability":0.02564102564102564},"7.14":{"quantity":1,"value":"7.14","probability":0.02564102564102564},"7.44":{"quantity":1,"value":"7.44","probability":0.02564102564102564},"0":{"quantity":1,"value":"0","probability":0.02564102564102564},"7.84":{"quantity":1,"value":"7.84","probability":0.02564102564102564},"8.39":{"quantity":1,"value":"8.39","probability":0.02564102564102564},"7.8":{"quantity":1,"value":"7.8","probability":0.02564102564102564},"7.2":{"quantity":1,"value":"7.2","probability":0.02564102564102564},"7.3":{"quantity":1,"value":"7.3","probability":0.02564102564102564},"6.57":{"quantity":1,"value":"6.57","probability":0.02564102564102564},"7.63":{"quantity":1,"value":"7.63","probability":0.02564102564102564},"7.69":{"quantity":1,"value":"7.69","probability":0.02564102564102564},"8.23":{"quantity":1,"value":"8.23","probability":0.02564102564102564},"8.64":{"quantity":1,"value":"8.64","probability":0.02564102564102564}},"Estilo":{"3":{"quantity":10,"value":"3","probability":0.2564102564102564},"2":{"quantity":11,"value":"2","probability":0.28205128205128205},"1":{"quantity":11,"value":"1","probability":0.28205128205128205},"0":{"quantity":7,"value":"0","probability":0.1794871794871795}}}}