{"1":{"A":{"3":{"quantity":9,"value":"3","probability":1}},"probability":0.45,"B":{"1":{"quantity":4,"value":"1","probability":0.4444444444444444},"3":{"quantity":2,"value":"3","probability":0.2222222222222222},"2":{"quantity":3,"value":"2","probability":0.3333333333333333}},"C":{"2":{"quantity":5,"value":"2","probability":0.5555555555555556},"1":{"quantity":4,"value":"1","probability":0.4444444444444444}},"D":{"1":{"quantity":4,"value":"1","probability":0.4444444444444444},"2":{"quantity":3,"value":"2","probability":0.3333333333333333},"3":{"quantity":2,"value":"3","probability":0.2222222222222222}},"E":{"2":{"quantity":3,"value":"2","probability":0.3333333333333333},"1":{"quantity":5,"value":"1","probability":0.5555555555555556},"3":{"quantity":1,"value":"3","probability":0.1111111111111111}},"F":{"2":{"quantity":4,"value":"2","probability":0.4444444444444444},"3":{"quantity":2,"value":"3","probability":0.2222222222222222},"1":{"quantity":3,"value":"1","probability":0.3333333333333333}},"G":{"1":{"quantity":2,"value":"1","probability":0.2222222222222222},"2":{"quantity":3,"value":"2","probability":0.3333333333333333},"3":{"quantity":4,"value":"3","probability":0.4444444444444444}},"H":{"2":{"quantity":4,"value":"2","probability":0.4444444444444444},"1":{"quantity":3,"value":"1","probability":0.3333333333333333},"3":{"quantity":2,"value":"3","probability":0.2222222222222222}}},"2":{"A":{"1":{"quantity":6,"value":"1","probability":1}},"probability":0.3,"B":{"2":{"quantity":2,"value":"2","probability":0.3333333333333333},"3":{"quantity":4,"value":"3","probability":0.6666666666666666}},"C":{"2":{"quantity":2,"value":"2","probability":0.3333333333333333},"1":{"quantity":3,"value":"1","probability":0.5},"3":{"quantity":1,"value":"3","probability":0.16666666666666666}},"D":{"3":{"quantity":3,"value":"3","probability":0.5},"1":{"quantity":2,"value":"1","probability":0.3333333333333333},"2":{"quantity":1,"value":"2","probability":0.16666666666666666}},"E":{"2":{"quantity":2,"value":"2","probability":0.3333333333333333},"3":{"quantity":4,"value":"3","probability":0.6666666666666666}},"F":{"3":{"quantity":3,"value":"3","probability":0.5},"2":{"quantity":3,"value":"2","probability":0.5}},"G":{"2":{"quantity":2,"value":"2","probability":0.3333333333333333},"1":{"quantity":1,"value":"1","probability":0.16666666666666666},"3":{"quantity":3,"value":"3","probability":0.5}},"H":{"2":{"quantity":2,"value":"2","probability":0.3333333333333333},"3":{"quantity":3,"value":"3","probability":0.5},"1":{"quantity":1,"value":"1","probability":0.16666666666666666}}},"3":{"A":{"2":{"quantity":5,"value":"2","probability":1}},"probability":0.25,"B":{"1":{"quantity":3,"value":"1","probability":0.6},"3":{"quantity":1,"value":"3","probability":0.2},"2":{"quantity":1,"value":"2","probability":0.2}},"C":{"2":{"quantity":3,"value":"2","probability":0.6},"3":{"quantity":2,"value":"3","probability":0.4}},"D":{"3":{"quantity":2,"value":"3","probability":0.4},"2":{"quantity":2,"value":"2","probability":0.4},"1":{"quantity":1,"value":"1","probability":0.2}},"E":{"3":{"quantity":2,"value":"3","probability":0.4},"2":{"quantity":2,"value":"2","probability":0.4},"1":{"quantity":1,"value":"1","probability":0.2}},"F":{"3":{"quantity":3,"value":"3","probability":0.6},"1":{"quantity":2,"value":"1","probability":0.4}},"G":{"2":{"quantity":3,"value":"2","probability":0.6},"1":{"quantity":1,"value":"1","probability":0.2},"3":{"quantity":1,"value":"3","probability":0.2}},"H":{"3":{"quantity":1,"value":"3","probability":0.2},"2":{"quantity":3,"value":"2","probability":0.6},"1":{"quantity":1,"value":"1","probability":0.2}}}}