{"0":{"EC":{"15.0":{"quantity":19,"value":"15.0","probability":0.2753623188405797},"14.0":{"quantity":12,"value":"14.0","probability":0.17391304347826086},"17.0":{"quantity":4,"value":"17.0","probability":0.057971014492753624},"18.0":{"quantity":3,"value":"18.0","probability":0.043478260869565216},"19.0":{"quantity":1,"value":"19.0","probability":0.014492753623188406},"16.0":{"quantity":15,"value":"16.0","probability":0.21739130434782608},"13.0":{"quantity":11,"value":"13.0","probability":0.15942028985507245},"21.0":{"quantity":1,"value":"21.0","probability":0.014492753623188406},"11.0":{"quantity":1,"value":"11.0","probability":0.014492753623188406},"12.0":{"quantity":2,"value":"12.0","probability":0.028985507246376812}},"probability":0.3108108108108108,"OR":{"12.0":{"quantity":9,"value":"12.0","probability":0.13043478260869565},"13.0":{"quantity":16,"value":"13.0","probability":0.2318840579710145},"15.0":{"quantity":16,"value":"15.0","probability":0.2318840579710145},"16.0":{"quantity":3,"value":"16.0","probability":0.043478260869565216},"11.0":{"quantity":2,"value":"11.0","probability":0.028985507246376812},"14.0":{"quantity":21,"value":"14.0","probability":0.30434782608695654},"10.0":{"quantity":1,"value":"10.0","probability":0.014492753623188406},"17.0":{"quantity":1,"value":"17.0","probability":0.014492753623188406}},"CA":{"15.0":{"quantity":11,"value":"15.0","probability":0.15942028985507245},"13.0":{"quantity":11,"value":"13.0","probability":0.15942028985507245},"11.0":{"quantity":3,"value":"11.0","probability":0.043478260869565216},"16.0":{"quantity":12,"value":"16.0","probability":0.17391304347826086},"19.0":{"quantity":1,"value":"19.0","probability":0.014492753623188406},"7.0":{"quantity":1,"value":"7.0","probability":0.014492753623188406},"12.0":{"quantity":5,"value":"12.0","probability":0.07246376811594203},"14.0":{"quantity":16,"value":"14.0","probability":0.2318840579710145},"17.0":{"quantity":6,"value":"17.0","probability":0.08695652173913043},"10.0":{"quantity":1,"value":"10.0","probability":0.014492753623188406},"9.0":{"quantity":2,"value":"9.0","probability":0.028985507246376812}},"EA":{"19.0":{"quantity":19,"value":"19.0","probability":0.2753623188405797},"21.0":{"quantity":8,"value":"21.0","probability":0.11594202898550725},"20.0":{"quantity":18,"value":"20.0","probability":0.2608695652173913},"22.0":{"quantity":9,"value":"22.0","probability":0.13043478260869565},"18.0":{"quantity":11,"value":"18.0","probability":0.15942028985507245},"17.0":{"quantity":2,"value":"17.0","probability":0.028985507246376812},"16.0":{"quantity":1,"value":"16.0","probability":0.014492753623188406},"24.0":{"quantity":1,"value":"24.0","probability":0.014492753623188406}}},"1":{"EC":{"17.0":{"quantity":11,"value":"17.0","probability":0.21153846153846154},"13.0":{"quantity":3,"value":"13.0","probability":0.057692307692307696},"19.0":{"quantity":3,"value":"19.0","probability":0.057692307692307696},"15.0":{"quantity":12,"value":"15.0","probability":0.23076923076923078},"16.0":{"quantity":10,"value":"16.0","probability":0.19230769230769232},"21.0":{"quantity":1,"value":"21.0","probability":0.019230769230769232},"14.0":{"quantity":7,"value":"14.0","probability":0.1346153846153846},"18.0":{"quantity":2,"value":"18.0","probability":0.038461538461538464},"12.0":{"quantity":3,"value":"12.0","probability":0.057692307692307696}},"probability":0.23423423423423423,"OR":{"19.0":{"quantity":8,"value":"19.0","probability":0.15384615384615385},"17.0":{"quantity":11,"value":"17.0","probability":0.21153846153846154},"16.0":{"quantity":7,"value":"16.0","probability":0.1346153846153846},"15.0":{"quantity":4,"value":"15.0","probability":0.07692307692307693},"18.0":{"quantity":10,"value":"18.0","probability":0.19230769230769232},"21.0":{"quantity":4,"value":"21.0","probability":0.07692307692307693},"14.0":{"quantity":3,"value":"14.0","probability":0.057692307692307696},"20.0":{"quantity":2,"value":"20.0","probability":0.038461538461538464},"23.0":{"quantity":1,"value":"23.0","probability":0.019230769230769232},"13.0":{"quantity":1,"value":"13.0","probability":0.019230769230769232},"28.0":{"quantity":1,"value":"28.0","probability":0.019230769230769232}},"CA":{"16.0":{"quantity":8,"value":"16.0","probability":0.15384615384615385},"15.0":{"quantity":7,"value":"15.0","probability":0.1346153846153846},"11.0":{"quantity":6,"value":"11.0","probability":0.11538461538461539},"17.0":{"quantity":10,"value":"17.0","probability":0.19230769230769232},"12.0":{"quantity":4,"value":"12.0","probability":0.07692307692307693},"14.0":{"quantity":7,"value":"14.0","probability":0.1346153846153846},"9.0":{"quantity":1,"value":"9.0","probability":0.019230769230769232},"10.0":{"quantity":2,"value":"10.0","probability":0.038461538461538464},"19.0":{"quantity":1,"value":"19.0","probability":0.019230769230769232},"13.0":{"quantity":6,"value":"13.0","probability":0.11538461538461539}},"EA":{"18.0":{"quantity":7,"value":"18.0","probability":0.1346153846153846},"17.0":{"quantity":9,"value":"17.0","probability":0.17307692307692307},"16.0":{"quantity":12,"value":"16.0","probability":0.23076923076923078},"13.0":{"quantity":5,"value":"13.0","probability":0.09615384615384616},"15.0":{"quantity":6,"value":"15.0","probability":0.11538461538461539},"12.0":{"quantity":3,"value":"12.0","probability":0.057692307692307696},"14.0":{"quantity":4,"value":"14.0","probability":0.07692307692307693},"9.0":{"quantity":1,"value":"9.0","probability":0.019230769230769232},"20.0":{"quantity":1,"value":"20.0","probability":0.019230769230769232},"19.0":{"quantity":1,"value":"19.0","probability":0.019230769230769232},"11.0":{"quantity":2,"value":"11.0","probability":0.038461538461538464},"22.0":{"quantity":1,"value":"22.0","probability":0.019230769230769232}}},"3":{"EC":{"13.0":{"quantity":6,"value":"13.0","probability":0.14634146341463414},"11.0":{"quantity":9,"value":"11.0","probability":0.21951219512195122},"14.0":{"quantity":8,"value":"14.0","probability":0.1951219512195122},"16.0":{"quantity":1,"value":"16.0","probability":0.024390243902439025},"10.0":{"quantity":3,"value":"10.0","probability":0.07317073170731707},"12.0":{"quantity":9,"value":"12.0","probability":0.21951219512195122},"8.0":{"quantity":2,"value":"8.0","probability":0.04878048780487805},"15.0":{"quantity":2,"value":"15.0","probability":0.04878048780487805},"9.0":{"quantity":1,"value":"9.0","probability":0.024390243902439025}},"probability":0.18468468468468469,"OR":{"20.0":{"quantity":3,"value":"20.0","probability":0.07317073170731707},"17.0":{"quantity":4,"value":"17.0","probability":0.0975609756097561},"18.0":{"quantity":11,"value":"18.0","probability":0.2682926829268293},"16.0":{"quantity":6,"value":"16.0","probability":0.14634146341463414},"23.0":{"quantity":2,"value":"23.0","probability":0.04878048780487805},"15.0":{"quantity":4,"value":"15.0","probability":0.0975609756097561},"19.0":{"quantity":5,"value":"19.0","probability":0.12195121951219512},"21.0":{"quantity":1,"value":"21.0","probability":0.024390243902439025},"12.0":{"quantity":1,"value":"12.0","probability":0.024390243902439025},"14.0":{"quantity":3,"value":"14.0","probability":0.07317073170731707},"22.0":{"quantity":1,"value":"22.0","probability":0.024390243902439025}},"CA":{"19.0":{"quantity":10,"value":"19.0","probability":0.24390243902439024},"21.0":{"quantity":3,"value":"21.0","probability":0.07317073170731707},"17.0":{"quantity":8,"value":"17.0","probability":0.1951219512195122},"20.0":{"quantity":4,"value":"20.0","probability":0.0975609756097561},"16.0":{"quantity":3,"value":"16.0","probability":0.07317073170731707},"15.0":{"quantity":2,"value":"15.0","probability":0.04878048780487805},"18.0":{"quantity":7,"value":"18.0","probability":0.17073170731707318},"24.0":{"quantity":3,"value":"24.0","probability":0.07317073170731707},"14.0":{"quantity":1,"value":"14.0","probability":0.024390243902439025}},"EA":{"13.0":{"quantity":4,"value":"13.0","probability":0.0975609756097561},"14.0":{"quantity":7,