{"0":{"Sexo":[{"quantity":10,"value":"0","probability":0.7142857142857143},{"quantity":4,"value":"1","probability":0.2857142857142857}],"probability":0.18181818181818182,"Promedio":{"8.17":{"quantity":1,"value":"8.17","probability":0.07142857142857142},"7":{"quantity":2,"value":"7","probability":0.14285714285714285},"7.82":{"quantity":1,"value":"7.82","probability":0.07142857142857142},"7.75":{"quantity":1,"value":"7.75","probability":0.07142857142857142},"7.09":{"quantity":1,"value":"7.09","probability":0.07142857142857142},"8.5":{"quantity":1,"value":"8.5","probability":0.07142857142857142},"7.72":{"quantity":1,"value":"7.72","probability":0.07142857142857142},"7.5":{"quantity":1,"value":"7.5","probability":0.07142857142857142},"7.2":{"quantity":1,"value":"7.2","probability":0.07142857142857142},"6.57":{"quantity":1,"value":"6.57","probability":0.07142857142857142},"7.63":{"quantity":1,"value":"7.63","probability":0.07142857142857142},"8.23":{"quantity":1,"value":"8.23","probability":0.07142857142857142},"8.64":{"quantity":1,"value":"8.64","probability":0.07142857142857142}},"Recinto":{"1":{"quantity":7,"value":"1","probability":0.5},"0":{"quantity":7,"value":"0","probability":0.5}}},"1":{"Sexo":[{"quantity":20,"value":"0","probability":0.9523809523809523},{"quantity":1,"value":"1","probability":0.047619047619047616}],"probability":0.2727272727272727,"Promedio":{"6.33":{"quantity":1,"value":"6.33","probability":0.047619047619047616},"7.07":{"quantity":1,"value":"7.07","probability":0.047619047619047616},"7.53":{"quantity":1,"value":"7.53","probability":0.047619047619047616},"8":{"quantity":2,"value":"8","probability":0.09523809523809523},"7.41":{"quantity":1,"value":"7.41","probability":0.047619047619047616},"8.5":{"quantity":1,"value":"8.5","probability":0.047619047619047616},"8.41":{"quantity":1,"value":"8.41","probability":0.047619047619047616},"8.11":{"quantity":1,"value":"8.11","probability":0.047619047619047616},"7.68":{"quantity":1,"value":"7.68","probability":0.047619047619047616},"7.94":{"quantity":1,"value":"7.94","probability":0.047619047619047616},"8.13":{"quantity":1,"value":"8.13","probability":0.047619047619047616},"7.83":{"quantity":1,"value":"7.83","probability":0.047619047619047616},"7.13":{"quantity":1,"value":"7.13","probability":0.047619047619047616},"8.06":{"quantity":1,"value":"8.06","probability":0.047619047619047616},"7.39":{"quantity":1,"value":"7.39","probability":0.047619047619047616},"7.62":{"quantity":1,"value":"7.62","probability":0.047619047619047616},"7.44":{"quantity":1,"value":"7.44","probability":0.047619047619047616},"7.75":{"quantity":1,"value":"7.75","probability":0.047619047619047616},"7.34":{"quantity":1,"value":"7.34","probability":0.047619047619047616},"7.69":{"quantity":1,"value":"7.69","probability":0.047619047619047616}},"Recinto":{"1":{"quantity":10,"value":"1","probability":0.47619047619047616},"0":{"quantity":11,"value":"0","probability":0.5238095238095238}}},"3":{"Sexo":[{"quantity":17,"value":"0","probability":0.8095238095238095},{"quantity":4,"value":"1","probability":0.19047619047619047}],"probability":0.2727272727272727,"Promedio":{"6.6":{"quantity":1,"value":"6.6","probability":0.047619047619047616},"7.77":{"quantity":1,"value":"7.77","probability":0.047619047619047616},"7":{"quantity":2,"value":"7","probability":0.09523809523809523},"7.9":{"quantity":1,"value":"7.9","probability":0.047619047619047616},"7.5":{"quantity":1,"value":"7.5","probability":0.047619047619047616},"7.4":{"quantity":1,"value":"7.4","probability":0.047619047619047616},"7.25":{"quantity":2,"value":"7.25","probability":0.09523809523809523},"6.14":{"quantity":1,"value":"6.14","probability":0.047619047619047616},"7.72":{"quantity":1,"value":"7.72","probability":0.047619047619047616},"8":{"quantity":1,"value":"8","probability":0.047619047619047616},"8.83":{"quantity":1,"value":"8.83","probability":0.047619047619047616},"8.5":{"quantity":1,"value":"8.5","probability":0.047619047619047616},"7.33":{"quantity":1,"value":"7.33","probability":0.047619047619047616},"0":{"quantity":1,"value":"0","probability":0.047619047619047616},"7.84":{"quantity":1,"value":"7.84","probability":0.047619047619047616},"8.29":{"quantity":1,"value":"8.29","probability":0.047619047619047616},"8.79":{"quantity":1,"value":"8.79","probability":0.047619047619047616},"7.3":{"quantity":1,"value":"7.3","probability":0.047619047619047616},"9":{"quantity":1,"value":"9","probability":0.047619047619047616}},"Recinto":[{"quantity":10,"value":"0","probability":0.47619047619047616},{"quantity":11,"value":"1","probability":0.5238095238095238}]},"2":{"Sexo":[{"quantity":17,"value":"0","probability":0.8095238095238095},{"quantity":4,"value":"1","probability":0.19047619047619047}],"probability":0.2727272727272727,"Promedio":{"7.87":{"quantity":1,"value":"7.87","probability":0.047619047619047616},"7.2":{"quantity":1,"value":"7.2","probability":0.047619047619047616},"7.54":{"quantity":1,"value":"7.54","probability":0.047619047619047616},"8.06":{"quantity":2,"value":"8.06","probability":0.09523809523809523},"7.72":{"quantity":1,"value":"7.72","probability":0.047619047619047616},"7.5":{"quantity":1,"value":"7.5","probability":0.047619047619047616},"7.86":{"quantity":1,"value":"7.86","probability":0.047619047619047616},"6.62":{"quantity":1,"value":"6.62","probability":0.047619047619047616},"6.88":{"quantity":1,"value":"6.88","probability":0.047619047619047616},"7.63":{"quantity":1,"value":"7.63","probability":0.047619047619047616},"8.63":{"quantity":1,"value":"8.63","probability":0.047619047619047616},"7.32":{"quantity":1,"value":"7.32","probability":0.047619047619047616},"7.78":{"quantity":1,"value":"7.78","probability":0.047619047619047616},"7.14":{"quantity":1,"value":"7.14","probability":0.047619047619047616},"8":{"quantity":1,"value":"8","probability":0.047619047619047616},"8.39":{"quantity":1,"value":"8.39","probability":0.047619047619047616},"7.43":{"quantity":1,"value":"7.43","probability":0.047619047619047616},"8.43":{"quantity":1,"value":"8.43","probability":0.047619047619047616},"7.8":{"quantity":1,"value":"7.8","probability":0.047619047619047616},"8.83":{"quantity":1,"value":"8.83","probability":0.047619047619047616}},"Recinto":[{"quantity":11,"value":"0","probability":0.5238095238095238},{"quantity":10,"value":"1","probability":0.47619047619047616}]}}